{
  "configuration": {
    "grid_size": 500,
    "num_bs": 7,
    "num_ues": 25,
    "tx_power": 30,
    "bs_deployment": "hexagonal",
    "linucb_alpha": 0.5
  },
  "episode_metrics": {
    "episode_rewards": [
      4834.749782053107,
      4937.621002916951,
      4924.024230447158,
      4863.685034346938,
      5053.844303790963,
      5470.025708174565,
      5586.648287613889,
      4698.798863860182,
      5092.242968342436,
      4708.797355534285,
      5322.640704895323,
      5206.38491378007,
      4297.470275013989,
      4419.190211164854,
      4220.845998020926,
      4321.337979951505,
      5384.723487026361,
      6091.182660671158,
      5297.213264942433,
      5172.492162586175,
      4689.140999051279,
      4510.496550662218,
      5139.633004265686,
      4510.898315862445,
      5974.160651827803,
      5067.039875573975,
      4160.491413271888,
      5400.312023664474,
      5232.3938001705665,
      4711.7533175758745,
      4835.941327110947,
      5086.977509020733,
      5028.22611230291,
      4656.997719053172,
      4611.564473213125,
      4808.959831198916,
      4817.00287229049,
      4744.316685483428,
      4469.511932619279,
      5102.821552585089,
      4661.981481250985,
      4354.7170063442945,
      5245.834522273418,
      4998.238394312327,
      4574.4365820228695,
      4976.531870503744,
      4945.492717520142,
      4868.092357527233,
      4142.4612151947285,
      4250.066149316747
    ],
    "episode_avg_sinr": [
      -5.59526270204256,
      -4.850476416190208,
      -5.590720734647642,
      -5.870475073004937,
      -4.923520623370381,
      -4.0738912220872106,
      -3.817241484619579,
      -5.6995979259467155,
      -6.095572895859396,
      -5.996803619093644,
      -3.350837789356443,
      -4.316315152595094,
      -6.067238549818135,
      -6.306591044195605,
      -6.983560713524618,
      -7.752499188809278,
      -4.163966841433888,
      -4.129609442803786,
      -4.88353286581862,
      -4.186669771443975,
      -6.071508509608794,
      -6.436554379471863,
      -5.345289277672516,
      -7.177077999714524,
      -3.1644569955499593,
      -4.787938973232751,
      -6.27053492410957,
      -5.597624062981793,
      -5.188997362351586,
      -5.751437714957692,
      -5.68068896909308,
      -4.271676272788159,
      -5.37562250641079,
      -5.32605092423691,
      -5.591909506922622,
      -5.196140334826848,
      -5.570703358160021,
      -5.451531646185358,
      -6.981068973163409,
      -4.85613379008337,
      -6.403014457482411,
      -6.680612543464192,
      -4.638701418912745,
      -4.71215052042904,
      -5.5060101238079335,
      -5.618755308322895,
      -4.9561651192601675,
      -5.162944722213406,
      -6.387220012790374,
      -5.950588117302325
    ],
    "episode_throughput": [
      4834.749782053106,
      4937.6210029169515,
      4924.024230447159,
      4863.685034346937,
      5053.84430379096,
      5470.025708174562,
      5586.648287613891,
      4698.798863860182,
      5092.242968342434,
      4708.797355534284,
      5322.64070489532,
      5206.38491378007,
      4297.470275013989,
      4419.190211164855,
      4220.845998020923,
      4321.337979951506,
      5384.723487026358,
      6091.18266067116,
      5297.21326494243,
      5172.492162586175,
      4689.140999051278,
      4510.496550662221,
      5139.633004265686,
      4510.898315862445,
      5974.160651827801,
      5067.039875573975,
      4160.491413271888,
      5400.312023664477,
      5232.393800170563,
      4711.7533175758745,
      4835.941327110949,
      5086.977509020734,
      5028.226112302911,
      4656.997719053171,
      4611.564473213124,
      4808.959831198915,
      4817.002872290489,
      4744.31668548343,
      4469.511932619277,
      5102.821552585092,
      4661.981481250987,
      4354.717006344294,
      5245.834522273419,
      4998.238394312328,
      4574.436582022869,
      4976.531870503741,
      4945.492717520142,
      4868.0923575272345,
      4142.461215194727,
      4250.066149316746
    ],
    "episode_coverage": [
      37.06,
      34.4,
      34.18,
      37.14,
      40.12,
      39.52,
      39.26,
      33.8,
      32.66,
      33.32,
      43.6,
      38.64,
      30.08,
      31.28,
      29.66,
      29.16,
      39.3,
      39.4,
      40.68,
      40.32,
      33.78,
      29.96,
      33.6,
      29.78,
      45.68,
      37.0,
      29.62,
      32.3,
      38.06,
      33.84,
      31.12,
      39.82,
      37.78,
      34.56,
      29.8,
      35.46,
      38.46,
      31.72,
      31.44,
      41.28,
      34.88,
      30.02,
      38.58,
      38.16,
      37.48,
      36.96,
      34.12,
      34.36,
      25.94,
      28.54
    ],
    "episode_regret": [
      20165.250217946894,
      20062.378997083048,
      20075.975769552842,
      20136.314965653062,
      19946.155696209036,
      19529.974291825434,
      19413.35171238611,
      20301.201136139818,
      19907.757031657566,
      20291.202644465717,
      19677.359295104678,
      19793.61508621993,
      20702.529724986012,
      20580.809788835148,
      20779.154001979074,
      20678.662020048494,
      19615.27651297364,
      18908.81733932884,
      19702.78673505757,
      19827.507837413825,
      20310.85900094872,
      20489.503449337783,
      19860.366995734315,
      20489.101684137553,
      19025.839348172198,
      19932.960124426027,
      20839.508586728112,
      19599.687976335525,
      19767.60619982943,
      20288.246682424127,
      20164.058672889052,
      19913.022490979267,
      19971.77388769709,
      20343.00228094683,
      20388.435526786874,
      20191.040168801082,
      20182.99712770951,
      20255.683314516573,
      20530.48806738072,
      19897.17844741491,
      20338.018518749013,
      20645.282993655706,
      19754.165477726583,
      20001.761605687672,
      20425.56341797713,
      20023.468129496257,
      20054.50728247986,
      20131.90764247277,
      20857.53878480527,
      20749.933850683254
    ],
    "episode_handovers": [
      1108.0,
      779.0,
      1049.0,
      1162.0,
      947.0,
      1078.0,
      1227.0,
      1077.0,
      1302.0,
      1169.0,
      881.0,
      1006.0,
      1173.0,
      909.0,
      1288.0,
      1547.0,
      1041.0,
      1120.0,
      1224.0,
      744.0,
      1047.0,
      891.0,
      1434.0,
      1175.0,
      881.0,
      1287.0,
      870.0,
      1324.0,
      1237.0,
      1070.0,
      1333.0,
      796.0,
      1125.0,
      901.0,
      998.0,
      1028.0,
      1221.0,
      1009.0,
      1164.0,
      1162.0,
      1384.0,
      1241.0,
      1266.0,
      1094.0,
      1221.0,
      1154.0,
      1099.0,
      982.0,
      1135.0,
      1042.0
    ]
  },
  "best_allocation": {
    "0": 1,
    "1": 2,
    "2": 6,
    "3": 0,
    "4": 6,
    "5": 5,
    "6": 3,
    "7": 4,
    "8": 1,
    "9": 3,
    "10": 3,
    "11": 6,
    "12": 3,
    "13": 5,
    "14": 5,
    "15": 5,
    "16": 2,
    "17": 1,
    "18": 4,
    "19": 4,
    "20": 1,
    "21": 1,
    "22": 6,
    "23": 1,
    "24": 2
  },
  "optimal_allocation": {
    "16": 5,
    "15": 4,
    "13": 0,
    "8": 1,
    "18": 5,
    "17": 1,
    "19": 4,
    "7": 0,
    "12": 0,
    "11": 1,
    "5": 4,
    "9": 4,
    "24": 2,
    "10": 1,
    "21": 6,
    "1": 2,
    "20": 1,
    "6": 3,
    "0": 6,
    "23": 2,
    "3": 3,
    "4": 6,
    "2": 6,
    "22": 6,
    "14": 4
  },
  "best_episode_reward": 6091.182660671158,